{
  "__comment": "Instructions: https://mods.blakebr0.com/docs/cucumber/tags-config",
  "forge:ingots/constantan": "thermal:constantan_ingot",
  "forge:ingots/tungsten": "null",
  "forge:ingots/tin": "projectred-core:tin_ingot",
  "forge:gems/sapphire": "projectred-core:sapphire",
  "forge:ingots/bronze": "thermal:bronze_ingot",
  "forge:ingots/copper": "projectred-core:copper_ingot",
  "forge:ingots/lumium": "thermal:lumium_ingot",
  "forge:ingots/electrum": "thermal:electrum_ingot",
  "forge:silicon": "refinedstorage:silicon",
  "forge:gems/apatite": "thermal:apatite",
  "forge:ingots/silver": "projectred-core:silver_ingot",
  "forge:dusts/saltpeter": "immersiveengineering:dust_saltpeter",
  "forge:ingots/steel": "mekanism:ingot_steel",
  "forge:ingots/platinum": "null",
  "forge:ingots/lead": "thermal:lead_ingot",
  "forge:ingots/graphite": "null",
  "forge:ingots/uranium": "mekanism:ingot_uranium",
  "forge:ingots/aluminum": "immersiveengineering:ingot_aluminum",
  "forge:ingots/mithril": "null",
  "forge:ingots/iridium": "null",
  "forge:ingots/zinc": "create:zinc_ingot",
  "forge:ingots/signalum": "thermal:signalum_ingot",
  "forge:ingots/invar": "thermal:invar_ingot",
  "forge:gems/ruby": "projectred-core:ruby",
  "forge:dusts/niter": "thermal:niter_dust",
  "forge:ingots/chrome": "null",
  "forge:ingots/brass": "create:brass_ingot",
  "forge:ingots/enderium": "thermal:enderium_ingot",
  "forge:ingots/titanium": "null",
  "forge:rubber": "null",
  "forge:dusts/sulfur": "thermal:sulfur_dust",
  "forge:ingots/nickel": "thermal:nickel_ingot"
}